title,price,star_rating,availability,category
Silent Garden 1,£47.08,Two,In stock,Travel
Hidden City 2,£46.82,Five,In stock,Travel
Silent Harbor 3,£31.10,One,In stock,Travel
Silent House 4,£21.63,Five,In stock,Travel
Shadow Sky 5,£19.94,Five,In stock,Travel
Winter House 6,£32.46,Three,In stock,Travel
Wild Voyage 7,£10.32,Two,In stock,Travel
Quiet Letters 8,£27.01,Two,In stock,Travel
Hidden Chronicle 9,£26.83,One,In stock,Travel
Winter River 10,£27.95,Three,In stock,Travel
Distant Journey 11,£50.36,Four,In stock,Travel
Secret River 12,£58.66,Four,In stock,Travel
Silent Sky 13,£24.66,Five,In stock,Travel
Lost Kingdom 14,£38.87,One,In stock,Travel
Shadow Forest 15,£21.39,Three,In stock,Travel
Silent Voyage 16,£21.64,One,In stock,Travel
Winter Journey 17,£32.67,Three,In stock,Travel
Broken Kingdom 18,£27.76,Three,In stock,Travel
Endless Forest 19,£13.57,Two,In stock,Mystery
Secret Portrait 20,£22.24,Four,In stock,Mystery
Winter Journey 21,£59.48,Five,In stock,Mystery
Hidden Forest 22,£26.21,One,In stock,Mystery
Hidden Voyage 23,£11.61,Three,In stock,Mystery
Winter Journey 24,£13.31,Five,In stock,Mystery
Quiet Kingdom 25,£20.63,Four,In stock,Mystery
Winter Forest 26,£32.94,Three,In stock,Mystery
Broken House 27,£47.25,Five,In stock,Mystery
Last Portrait 28,£39.23,Five,In stock,Mystery
Winter Kingdom 29,£20.97,Two,In stock,Mystery
Secret Road 30,£14.55,One,In stock,Mystery
Lost River 31,£17.64,Two,In stock,Mystery
Wild Forest 32,£31.11,One,In stock,Mystery
Winter Letters 33,£39.79,Four,In stock,Mystery
Secret Journey 34,£58.55,One,In stock,Mystery
Endless Portrait 35,£15.73,Five,In stock,Mystery
Wild Journey 36,£48.43,Three,In stock,Mystery
Last Letters 37,£17.91,One,In stock,Historical Fiction
Quiet Portrait 38,£23.17,Five,In stock,Historical Fiction
Wild City 39,£35.38,One,In stock,Historical Fiction
Lost Forest 40,£24.92,Five,In stock,Historical Fiction
Distant House 41,£17.64,Two,In stock,Historical Fiction
Secret Chronicle 42,£56.12,One,In stock,Historical Fiction
Distant Kingdom 43,£34.43,One,In stock,Historical Fiction
Golden Voyage 44,£50.34,Two,In stock,Historical Fiction
Shadow House 45,£53.90,One,In stock,Historical Fiction
Silent Portrait 46,£34.30,One,In stock,Historical Fiction
Wild Sky 47,£48.29,Two,In stock,Historical Fiction
Endless Road 48,£57.34,Two,In stock,Historical Fiction
Last Sky 49,£53.62,Four,In stock,Historical Fiction
Secret Chronicle 50,£46.50,Two,In stock,Sequential Art
Quiet Journey 51,£29.95,Three,In stock,Sequential Art
Forgotten Sky 52,£32.57,Two,In stock,Sequential Art
Hidden River 53,£26.90,Five,In stock,Sequential Art
Secret House 54,£39.42,One,In stock,Sequential Art
Silent Portrait 55,£41.56,Two,In stock,Sequential Art
Silent Garden 56,£52.98,One,In stock,Sequential Art
Secret House 57,£23.92,Four,In stock,Sequential Art
Hidden Sky 58,£16.62,Five,In stock,Sequential Art
Distant Road 59,£22.15,Four,In stock,Sequential Art
Wild Letters 60,£19.52,One,In stock,Sequential Art
Endless Letters 61,£27.71,Four,In stock,Sequential Art
Forgotten Voyage 62,£46.45,One,In stock,Sequential Art
Shadow Letters 63,£46.41,One,In stock,Sequential Art
Hidden House 64,£36.81,Two,In stock,Classics
Winter City 65,£23.93,Two,In stock,Classics
Lost River 66,£32.16,Five,In stock,Classics
Silent Garden 67,£42.61,Five,In stock,Classics
Lost Garden 68,£58.45,Two,In stock,Classics
Broken Letters 69,£34.28,Two,In stock,Classics
Lost Letters 70,£55.12,Two,In stock,Classics
Winter Garden 71,£59.27,Three,In stock,Classics
Wild Chronicle 72,£32.75,Four,In stock,Classics
Quiet Portrait 73,£59.77,Five,In stock,Classics
Endless Portrait 74,£34.33,Two,In stock,Classics
Last House 75,£58.44,Five,In stock,Classics
Quiet Sky 76,£13.05,Three,In stock,Classics
Shadow Garden 77,£39.21,Five,In stock,Classics
Messy Row 78,£25.00,Zero,In stock,Travel
Messy Row 79,£25.00,Three,Unavailable,Travel
